Book	#	Title	Page
0	0	Prologue	1
1	1	A Long-expected Party	21
1	2	The Shadow of the Past	45
1	3	Three Is Company	72
1	4	A Short Cut to Mushrooms	96
1	5	A Conspiracy Unmasked	110
1	6	The Old Forest	123
1	7	In the House of Tom Bombadil	139
1	8	Fog on the Barrow-Downs	153
1	9	At the Sign of the Prancing Pony	169
1	10	Strider	185
1	11	A Knife in the Dark	199
1	12	Flight to the Ford	222
2	1	Many Meetings	245
2	2	The Council of Elrond	268
2	3	The Ring Goes South	305
2	4	A Journey in the Dark	331
2	5	The Bridge Of Khazad-dûm	360
2	6	Lothlórien	373
2	7	The Mirror of Galadriel	396
2	8	Farewell to Lórien	412
2	9	The Great River	427
2	10	The Breaking of the Fellowship	444
3	11	The Departure of Boromir	461
